repo_id,number,sample_arm,included
122162,52,agentic,True
269027,3578,agentic,True
302662,74,agentic,False
509028,4756,human_candidate,True
509028,4815,agentic,True
509028,5245,agentic,True
509028,5478,agentic,True
509028,5537,agentic,False
1181927,33012,human_candidate,True
1181927,33264,human_candidate,True
1181927,33678,human_candidate,True
1181927,34384,human_candidate,True
1181927,34636,human_candidate,True
1181927,35195,human_candidate,True
1223855,3990,human_candidate,True
1416156,555,agentic,True
1446467,13916,human_candidate,True
1446467,13986,human_candidate,True
1644196,59071,agentic,False
1644196,59691,human_candidate,False
1644196,59858,human_candidate,True
1644196,59914,human_candidate,True
1644196,59965,human_candidate,True
1644196,60338,agentic,True
1644196,60339,agentic,True
1644196,60839,human_candidate,True
1644196,60851,human_candidate,False
1644196,60852,agentic,False
1644196,60853,agentic,False
1644196,60867,human_candidate,False
1644196,61225,human_candidate,True
1644196,61474,agentic,True
1644196,61720,human_candidate,False
1644196,61753,human_candidate,False
1644196,61826,agentic,True
1644196,61919,human_candidate,False
1644196,61930,agentic,False
1644196,61943,agentic,False
1644196,61958,human_candidate,True
1663468,21202,human_candidate,True
2030681,20627,agentic,True
2327138,1473,agentic,True
2418592,2731,human_candidate,True
2751199,9478,human_candidate,True
2928944,50370,human_candidate,True
2928944,54006,agentic,True
2928944,56680,agentic,True
2928944,56872,human_candidate,True
2928948,45412,human_candidate,True
2928948,48617,human_candidate,True
2988101,5272,agentic,True
3194112,402,agentic,True
3292397,671,agentic,True
3328572,17229,agentic,True
3328572,19852,agentic,True
3368190,4016,human_candidate,True
3368190,4164,human_candidate,True
3368190,4504,human_candidate,True
3368190,4560,human_candidate,True
4127088,42988,agentic,True
4127088,44080,human_candidate,True
4127088,45937,agentic,True
4127088,46572,human_candidate,True
4213474,1624,agentic,True
4213474,1635,agentic,True
4213474,1732,agentic,True
4454793,31435,human_candidate,True
4743255,4697,human_candidate,True
4743255,5137,human_candidate,True
5108051,27755,human_candidate,True
5108051,27795,human_candidate,True
5108051,28374,human_candidate,False
5108051,29058,human_candidate,True
5108051,29117,human_candidate,True
5108051,29187,human_candidate,True
5298790,26686,human_candidate,True
5298790,26927,human_candidate,True
6860771,3542,agentic,True
7243421,1977,agentic,True
7913195,3147,human_candidate,True
8100370,5280,human_candidate,True
8162715,18585,human_candidate,True
10458362,6070,agentic,True
10458362,6886,human_candidate,False
10458362,7090,agentic,True
11061773,20764,human_candidate,True
11183126,912,agentic,True
11183126,1061,human_candidate,True
11183126,1393,agentic,True
11183126,1601,agentic,True
11183126,1623,human_candidate,True
11183126,2004,human_candidate,True
11415199,727,human_candidate,True
11415199,821,agentic,True
11415199,824,agentic,True
11965691,1071,agentic,False
11965691,1073,agentic,False
11965691,1074,agentic,False
11965691,1219,agentic,False
11965691,1224,agentic,False
12204147,15788,human_candidate,False
12670630,127,agentic,True
12670630,146,agentic,True
12670630,194,agentic,True
12670630,347,agentic,True
13683952,1241,human_candidate,False
13683952,1286,agentic,False
13683952,1378,human_candidate,False
13908616,3334,agentic,True
13908616,3425,agentic,True
13908616,3428,agentic,True
14268809,1986,agentic,True
14268809,1996,agentic,True
14268809,1998,agentic,True
14268809,2011,agentic,True
14268809,2012,agentic,True
14268809,2019,agentic,True
14268809,2025,agentic,True
14268809,2036,agentic,True
14268809,2213,agentic,False
14964475,20969,human_candidate,True
15337142,18691,human_candidate,True
15337142,19094,human_candidate,True
15730865,50892,human_candidate,True
15730865,51685,human_candidate,True
15730865,52157,human_candidate,True
16157746,36648,agentic,True
16157746,38051,human_candidate,True
17496194,3341,agentic,True
17496194,3342,agentic,True
17620347,62056,agentic,True
17620347,62661,agentic,True
17620347,63994,agentic,False
17620347,65900,agentic,True
17620347,65902,agentic,True
17652873,2493,agentic,True
18068542,5445,human_candidate,True
18068542,5549,human_candidate,True
18068542,5610,agentic,True
18068542,5864,human_candidate,True
18068542,5886,agentic,True
18068542,5944,agentic,True
18068542,5945,agentic,True
18068542,5947,agentic,True
18068542,5948,agentic,True
18280236,3465,human_candidate,True
18280236,3813,human_candidate,True
18280236,4051,human_candidate,True
18843954,1682,human_candidate,False
19330736,6945,agentic,True
19330736,7173,agentic,True
19330736,7416,human_candidate,True
19961085,16152,human_candidate,True
19961085,16289,human_candidate,True
19961085,16312,human_candidate,True
19961085,17342,human_candidate,True
19961085,17707,agentic,True
19961085,17868,human_candidate,True
19961085,17898,human_candidate,True
19961085,18189,agentic,True
19961085,18272,human_candidate,True
19961085,18324,agentic,True
20046997,13317,agentic,True
20046997,13692,agentic,True
20128178,250,agentic,True
20532052,2041,human_candidate,True
20532052,2074,agentic,True
20849145,58,agentic,True
21134745,779,agentic,True
21764480,13695,agentic,True
21764480,14069,agentic,True
21764480,14186,agentic,True
21764480,14205,agentic,True
21764480,14257,agentic,True
21764480,14259,agentic,True
21764480,17201,human_candidate,True
21764480,18418,agentic,True
21764480,18420,agentic,True
21764480,21089,agentic,True
22332649,240,agentic,True
23022377,946,agentic,True
23247808,2634,human_candidate,True
23496542,6529,human_candidate,True
23496542,6892,human_candidate,True
23496542,7073,human_candidate,True
23496542,7238,human_candidate,True
23496542,7261,human_candidate,True
23496542,7465,human_candidate,True
23496542,7496,human_candidate,True
23496542,7509,human_candidate,True
23496542,7569,human_candidate,True
23496542,7849,human_candidate,False
23496542,8046,human_candidate,True
23496542,8151,human_candidate,True
23496542,8444,human_candidate,True
23496542,8559,human_candidate,True
23496542,8699,human_candidate,True
23496542,9021,human_candidate,True
23496542,9138,human_candidate,True
23496542,9849,human_candidate,True
23496542,10124,agentic,True
23496542,10150,agentic,True
23496542,10248,human_candidate,True
23496542,10414,human_candidate,True
25501620,397,agentic,True
25780780,2279,agentic,True
25780780,2281,agentic,True
26328526,1207,agentic,True
26785339,5636,agentic,True
26884725,18821,agentic,True
27085821,4952,human_candidate,True
27085821,4957,human_candidate,True
27085821,5284,human_candidate,True
27185284,6402,human_candidate,True
27185284,7259,human_candidate,True
28232663,9731,agentic,True
28232663,9892,agentic,True
28232663,10060,human_candidate,True
28232663,10062,human_candidate,True
28232663,10071,human_candidate,True
28232663,10116,human_candidate,True
28606501,892,agentic,True
28606501,893,agentic,True
28829926,2600,agentic,True
29048891,18546,human_candidate,False
29048891,19072,agentic,False
29048891,19138,agentic,False
29048891,19189,agentic,False
29048891,19292,human_candidate,False
29078997,78866,human_candidate,True
29078997,78885,human_candidate,True
29078997,79626,human_candidate,True
29078997,79810,human_candidate,True
29078997,80635,agentic,True
29078997,80734,agentic,True
29078997,80744,agentic,True
29078997,80999,agentic,True
29078997,81309,human_candidate,True
29078997,81948,human_candidate,True
29078997,82165,human_candidate,True
29078997,82447,human_candidate,True
29078997,82819,human_candidate,True
29078997,82883,human_candidate,True
29078997,82948,agentic,True
29078997,83470,agentic,True
29078997,83708,human_candidate,True
30932325,7000,agentic,True
30932325,7027,agentic,True
30932325,7279,agentic,True
31261793,813,agentic,True
31261793,814,agentic,True
31625029,5390,human_candidate,True
32051890,11502,human_candidate,True
32051890,11918,human_candidate,True
32051890,11953,agentic,True
32051890,11959,human_candidate,True
32051890,12025,agentic,True
32051890,12030,agentic,True
32051890,12052,human_candidate,True
32051890,12065,human_candidate,True
32051890,12127,human_candidate,True
32051890,12151,human_candidate,True
32051890,12260,agentic,True
32051890,12284,human_candidate,True
32051890,12288,agentic,True
32051890,12367,human_candidate,True
32051890,12401,agentic,True
32051890,12591,agentic,True
32051890,12690,agentic,True
32051890,12773,agentic,True
32051890,12774,agentic,True
32051890,13018,agentic,True
32051890,13686,agentic,True
32051890,13825,human_candidate,True
32148604,11207,human_candidate,True
32944298,7710,agentic,True
32944298,7863,agentic,True
32944298,8189,agentic,True
32944298,8416,agentic,True
32944298,8445,agentic,True
32944298,8518,agentic,True
32944298,8589,agentic,True
32944298,8591,agentic,True
32944298,8877,agentic,True
32944298,8943,agentic,True
32944298,9029,agentic,True
32944298,9194,agentic,True
32944298,9195,agentic,True
32944298,9215,agentic,True
33373292,2616,agentic,False
34526884,54455,human_candidate,True
34526884,55611,agentic,True
34526884,56516,human_candidate,True
35030133,5480,human_candidate,True
35030133,5525,agentic,True
35164952,5867,human_candidate,False
36385798,9894,human_candidate,True
36385798,10120,human_candidate,True
36385798,10157,human_candidate,True
36438823,271,agentic,True
36759907,1641,human_candidate,True
37448451,33607,human_candidate,True
39321023,13460,agentic,True
39321023,13468,agentic,True
39321023,14193,agentic,True
39321023,14769,agentic,True
41870517,905,human_candidate,True
41870517,916,human_candidate,True
42009758,38237,human_candidate,True
42009758,39214,agentic,True
42009758,39309,agentic,True
42009758,39310,agentic,True
42009758,39314,agentic,True
42009758,39315,agentic,True
42009758,42493,agentic,True
42009758,42685,agentic,True
42009758,42686,agentic,True
42009758,42687,agentic,True
42009758,42688,agentic,True
42009758,42795,agentic,True
42009758,42862,agentic,True
42009758,42869,agentic,True
42032884,6722,agentic,True
42541957,2810,agentic,True
43441403,26270,human_candidate,True
46398090,16241,human_candidate,False
46398090,16938,human_candidate,True
46398090,17283,human_candidate,True
46892512,119,human_candidate,True
46892512,120,human_candidate,True
48009214,14756,agentic,True
48009214,15961,human_candidate,True
48009214,15993,human_candidate,True
49122742,3615,human_candidate,True
49122742,3648,agentic,True
50448254,1562,agentic,True
50448254,1613,agentic,True
50613991,23283,human_candidate,True
50623416,2920,agentic,True
50724711,650,human_candidate,True
53971519,3942,agentic,True
54928587,3421,human_candidate,False
56710511,23439,human_candidate,True
56710511,24775,human_candidate,True
59370571,8522,agentic,True
59370571,8648,agentic,False
61973853,22096,human_candidate,True
62162299,611,agentic,True
62162299,634,agentic,True
62774726,15502,human_candidate,True
63882194,11854,human_candidate,True
63882194,11994,human_candidate,True
63882194,12626,human_candidate,False
63984307,49424,agentic,True
63984307,49459,agentic,True
63984307,51220,human_candidate,True
63984307,53607,agentic,False
65080725,5654,agentic,True
65080725,5655,agentic,True
65080725,6060,agentic,True
65080725,6162,agentic,True
65080725,7055,human_candidate,True
65080725,7836,human_candidate,True
65080725,7837,agentic,True
65080725,7917,human_candidate,True
65080725,7923,agentic,True
65080725,8683,human_candidate,True
65711522,72272,human_candidate,True
65711522,73054,human_candidate,True
65711522,73862,human_candidate,False
65711522,73910,human_candidate,True
65711522,74684,human_candidate,True
65711522,75719,human_candidate,True
65711522,75898,human_candidate,True
65711522,75984,human_candidate,False
65711522,76003,human_candidate,False
65711522,76360,human_candidate,True
65711522,76742,human_candidate,True
65711522,77066,human_candidate,True
65711522,77197,human_candidate,True
65711522,77203,human_candidate,False
65711522,77222,human_candidate,True
65711522,77237,human_candidate,True
65711522,77245,human_candidate,True
65711522,77365,human_candidate,True
65711522,77403,human_candidate,True
65711522,77711,human_candidate,True
65711522,78218,human_candidate,True
65711522,78267,human_candidate,True
65711522,78306,human_candidate,True
65711522,78403,human_candidate,True
65711522,78733,human_candidate,False
65711522,78953,human_candidate,True
65711522,78972,human_candidate,True
65711522,79011,human_candidate,True
65711522,79043,agentic,True
65711522,79095,human_candidate,True
66497320,4833,human_candidate,True
66841911,2320,human_candidate,True
67680905,4701,human_candidate,True
67680905,4789,human_candidate,True
67753070,15080,human_candidate,True
67753070,15760,human_candidate,True
67753070,16263,human_candidate,True
70107786,79987,human_candidate,True
70107786,79991,human_candidate,True
70107786,79997,human_candidate,True
70107786,80326,human_candidate,True
70107786,80415,human_candidate,True
70107786,80551,human_candidate,True
70107786,81411,human_candidate,True
70107786,81459,human_candidate,True
70107786,81994,human_candidate,True
70107786,82654,human_candidate,True
70107786,84225,human_candidate,True
70107786,84270,human_candidate,True
70107786,86338,human_candidate,True
70107786,86589,human_candidate,True
70107786,87945,human_candidate,True
70107786,88336,human_candidate,True
70107786,88708,human_candidate,True
70107786,89555,human_candidate,True
70107786,90868,human_candidate,True
70107786,92023,human_candidate,True
70107786,92628,human_candidate,True
70107786,94192,human_candidate,True
70107786,94201,human_candidate,True
71932349,53305,human_candidate,True
71932349,53939,human_candidate,True
71932349,54734,human_candidate,True
71932349,55547,human_candidate,True
71932349,56763,human_candidate,True
71932349,59190,human_candidate,True
71932349,60842,human_candidate,True
71932349,61379,human_candidate,True
71932349,61437,human_candidate,True
71932349,61555,human_candidate,True
71932349,61996,human_candidate,True
71932349,62587,human_candidate,True
71932349,62720,human_candidate,True
71932349,62726,human_candidate,True
71932349,63075,agentic,True
72041948,366,agentic,False
72477752,22373,agentic,True
72477752,22422,human_candidate,True
74627617,35369,human_candidate,True
74627617,35897,human_candidate,True
74627617,36838,human_candidate,True
74627617,37279,human_candidate,True
74627617,37601,human_candidate,True
74627617,37904,human_candidate,True
74627617,38031,human_candidate,True
74627617,38075,human_candidate,True
75750830,4601,human_candidate,True
76990209,5519,agentic,True
77726177,4468,human_candidate,True
77873947,10889,human_candidate,True
77873947,11312,human_candidate,True
77873947,11453,human_candidate,True
77873947,11806,human_candidate,True
77873947,12128,human_candidate,True
79375056,12246,human_candidate,True
79375056,12338,human_candidate,True
80874333,1856,human_candidate,True
82341193,4304,agentic,False
82341193,4684,human_candidate,False
85005919,496,agentic,True
85005919,498,agentic,True
87490037,2255,human_candidate,True
88064357,1902,agentic,True
89221572,9969,human_candidate,True
89221572,10138,human_candidate,True
89221572,10471,human_candidate,True
89221572,10630,human_candidate,True
89221572,11351,human_candidate,True
89221572,11423,human_candidate,True
92864511,246,agentic,True
92864511,247,agentic,True
92912604,3212,agentic,True
92912604,3367,human_candidate,True
92912604,3393,human_candidate,True
92974124,8595,human_candidate,True
92974124,8605,human_candidate,True
93882897,7714,agentic,True
93882897,10803,agentic,True
98913726,3147,human_candidate,False
99262683,7348,agentic,True
99705100,9446,human_candidate,True
100061716,33753,human_candidate,True
100061716,33775,human_candidate,True
100061716,33814,human_candidate,True
100061716,35561,human_candidate,True
101194285,8661,human_candidate,True
101194285,8736,human_candidate,False
101194285,8825,human_candidate,True
101194285,9054,human_candidate,True
101194285,9208,agentic,True
101194285,9581,human_candidate,True
101194285,9627,human_candidate,True
101194285,9834,human_candidate,True
101194285,9943,agentic,True
101194285,10065,human_candidate,True
101194285,10172,agentic,True
101194285,10232,agentic,True
101194285,10520,human_candidate,True
101194285,10590,agentic,True
101194285,10777,agentic,True
101194285,10858,agentic,True
101194285,10985,agentic,True
101194285,11007,human_candidate,True
101194285,11241,agentic,True
101194285,11297,human_candidate,True
101194285,11323,human_candidate,True
101194285,11349,human_candidate,True
101194285,11495,human_candidate,True
101194285,11618,human_candidate,False
101194285,11673,human_candidate,True
101194285,11675,human_candidate,True
101194285,11693,human_candidate,True
101194285,11848,human_candidate,True
102692863,7057,agentic,True
102692863,7820,agentic,True
102692863,7920,human_candidate,True
104670293,545,agentic,True
105363726,2664,agentic,False
105363726,2688,agentic,True
105997676,8143,human_candidate,True
111333972,51,agentic,True
114581326,17514,human_candidate,False
114798676,3288,agentic,True
115110181,10196,human_candidate,True
115110181,10380,human_candidate,True
115110181,10514,human_candidate,True
115110181,10606,human_candidate,True
115110181,10664,human_candidate,True
115110181,10676,human_candidate,True
115110181,10772,human_candidate,True
115110181,10805,human_candidate,True
115110181,10817,human_candidate,True
115110181,10833,human_candidate,True
115110181,10862,human_candidate,True
115110181,11310,human_candidate,True
115110181,11673,agentic,True
115110181,11852,agentic,True
115110181,11853,agentic,True
115110181,11855,agentic,True
115110181,11856,agentic,True
115110181,11859,agentic,True
115110181,11870,agentic,True
115110181,11874,human_candidate,True
115110181,11879,agentic,True
115110181,11894,agentic,True
115110181,11895,agentic,True
116150224,1069,agentic,True
116150224,1140,agentic,True
117757315,5062,agentic,True
117757315,5826,human_candidate,True
119536149,21,agentic,True
119536149,22,agentic,True
121814210,7249,agentic,True
121814210,7309,agentic,True
121814210,7367,agentic,True
121814210,7369,agentic,True
121814210,7372,agentic,True
121814210,7373,agentic,True
121814210,7374,agentic,True
121814210,7375,agentic,True
121814210,7386,agentic,True
121814210,7393,agentic,True
121814210,7402,agentic,True
121814210,7409,agentic,True
121814210,7410,agentic,True
121814210,7411,agentic,True
121814210,7414,agentic,True
121814210,7424,agentic,True
121814210,7555,human_candidate,True
121814210,7600,human_candidate,True
121814210,7633,agentic,True
121814210,7847,agentic,True
121814210,7848,agentic,True
124948838,5152,agentic,True
126178683,7644,agentic,True
126178683,7836,human_candidate,True
126178683,7930,human_candidate,True
126178683,9856,agentic,True
126178683,10022,agentic,True
126178683,10024,agentic,True
126257942,5533,human_candidate,True
126257942,5821,human_candidate,True
126849511,361,agentic,True
126897385,3099,human_candidate,True
126897385,3117,human_candidate,True
128479644,9001,human_candidate,True
128479644,9042,human_candidate,True
128479644,9089,human_candidate,True
128479644,9338,human_candidate,True
128479644,9363,human_candidate,True
128479644,9453,human_candidate,True
128479644,9923,human_candidate,True
128479644,10035,human_candidate,True
128479644,10062,human_candidate,True
128479644,10129,human_candidate,True
128479644,10174,human_candidate,True
128479644,10260,human_candidate,True
128479644,10272,human_candidate,True
128479644,10276,human_candidate,True
128479644,10295,human_candidate,True
128479644,10710,human_candidate,True
128479644,10938,human_candidate,True
128479644,10977,human_candidate,True
128479644,11277,human_candidate,True
128479644,11307,human_candidate,True
128479644,11407,human_candidate,True
128479644,11445,human_candidate,True
128479644,11569,human_candidate,True
128479644,11650,human_candidate,True
128479644,11677,human_candidate,True
128479644,11695,human_candidate,True
128479644,11726,human_candidate,True
128479644,11731,human_candidate,True
128479644,11794,human_candidate,True
128479644,12090,human_candidate,True
128479644,12137,human_candidate,True
128479644,12628,human_candidate,True
128479644,12685,human_candidate,True
128479644,12796,human_candidate,True
128479644,12816,human_candidate,True
128479644,12845,human_candidate,True
128479644,12850,human_candidate,True
128479644,12868,human_candidate,True
128479644,12879,human_candidate,True
128479644,12881,human_candidate,True
128479644,12882,human_candidate,True
128479644,12955,human_candidate,True
128479644,13221,human_candidate,True
128479644,13286,human_candidate,True
128479644,13370,human_candidate,True
128479644,13401,human_candidate,True
128479644,13546,human_candidate,True
128479644,13700,human_candidate,True
128479644,13794,human_candidate,True
128479644,13816,human_candidate,True
128479644,13825,human_candidate,True
128479644,13902,human_candidate,True
128479644,13917,human_candidate,True
128479644,13968,human_candidate,True
128479644,14029,human_candidate,True
128479644,14215,human_candidate,True
128479644,14290,human_candidate,True
128479644,14339,human_candidate,True
128479644,14354,human_candidate,True
128479644,14475,human_candidate,True
128479644,14598,human_candidate,True
128479644,14693,human_candidate,True
128479644,14833,human_candidate,True
128479644,14853,human_candidate,True
128479644,14875,human_candidate,True
128479644,15209,human_candidate,True
128479644,15368,human_candidate,True
128479644,15403,human_candidate,True
128479644,15424,human_candidate,True
128479644,15432,human_candidate,True
128479644,15512,human_candidate,True
128479644,15594,human_candidate,True
128479644,15599,human_candidate,True
128479644,15690,human_candidate,True
128479644,15728,human_candidate,True
128479644,16009,agentic,True
128479644,16010,agentic,True
130688011,5930,human_candidate,True
130688011,6080,human_candidate,True
130688011,6229,human_candidate,True
130688011,6325,human_candidate,True
131619646,30656,human_candidate,True
131619646,31065,human_candidate,True
131619646,31515,human_candidate,True
131619646,32952,human_candidate,True
131619646,33378,human_candidate,True
131995661,17134,agentic,True
132021166,7580,agentic,True
133374092,4697,human_candidate,True
133968906,13172,human_candidate,True
134777298,7654,human_candidate,True
134777298,8597,agentic,True
136202695,16039,agentic,True
136202695,17697,agentic,True
136202695,17726,agentic,True
136202695,17730,agentic,True
136202695,17732,agentic,True
136202695,17769,agentic,True
136202695,17860,agentic,True
136202695,17939,agentic,True
136202695,18882,agentic,True
136202695,18980,agentic,True
136202695,18983,agentic,True
136202695,19078,agentic,True
136202695,19163,agentic,True
136202695,19190,agentic,True
136202695,19194,agentic,True
136202695,19196,agentic,True
136202695,19197,agentic,True
136202695,19204,agentic,True
136202695,19212,agentic,True
136202695,19242,agentic,True
136202695,19258,agentic,True
136202695,19272,agentic,True
136202695,19302,agentic,True
136202695,19366,agentic,True
136202695,19368,agentic,True
136202695,19369,agentic,True
136202695,19371,agentic,True
136202695,20070,agentic,False
136202695,20186,agentic,False
136202695,20227,agentic,True
136202695,20268,agentic,True
136202695,20498,agentic,True
136202695,20880,agentic,True
136202695,21789,human_candidate,True
136202695,22337,agentic,True
136202695,22403,agentic,True
136202695,22468,agentic,True
136202695,22526,agentic,False
136202695,22668,agentic,True
136202695,22669,agentic,True
136202695,22670,agentic,True
136202695,22755,agentic,True
136202695,22758,agentic,True
136202695,22789,agentic,True
136202695,23148,human_candidate,True
136202695,23149,human_candidate,True
139199684,20048,agentic,True
139199684,20095,agentic,True
139199684,20096,agentic,True
139199684,20450,agentic,True
139199684,20453,agentic,True
139199684,20454,agentic,True
139199684,20487,agentic,True
139199684,20491,agentic,True
139199684,20539,agentic,True
139199684,20864,human_candidate,True
139199684,20900,human_candidate,True
139199684,20925,agentic,True
139199684,20930,agentic,True
139199684,20966,agentic,True
139199684,20972,agentic,True
139199684,21977,human_candidate,True
139199684,22060,agentic,True
139199684,22065,agentic,True
139199684,22111,human_candidate,True
139199684,22122,agentic,False
141846986,3157,human_candidate,True
142308181,913,agentic,False
142308181,938,agentic,False
143040428,21305,human_candidate,False
143040428,21453,human_candidate,False
143040428,21816,human_candidate,True
143808059,4090,agentic,True
143808059,4091,agentic,True
144407057,42,agentic,True
144407057,43,agentic,True
147887472,1709,human_candidate,True
151148482,7167,agentic,True
151148482,7196,agentic,True
151148482,7227,agentic,True
151148482,7245,agentic,True
151148482,7250,agentic,True
151148482,7538,human_candidate,True
151331938,13727,human_candidate,True
151331938,13971,human_candidate,True
151331938,13982,human_candidate,True
151331938,14631,human_candidate,True
151331938,14748,human_candidate,True
156260788,5413,human_candidate,True
156260788,5483,human_candidate,True
156260788,5638,agentic,True
156939672,24809,human_candidate,True
156939672,24818,human_candidate,True
156939672,25003,human_candidate,True
156939672,25061,agentic,True
156939672,25066,agentic,True
156939672,25395,human_candidate,True
156939672,25564,human_candidate,True
156939672,25764,human_candidate,True
156939672,26433,human_candidate,True
156939672,26893,human_candidate,True
156939672,27071,human_candidate,True
156939672,27824,human_candidate,True
156939672,28503,human_candidate,True
156939672,28519,human_candidate,True
156939672,28534,agentic,True
156939672,28588,agentic,True
156939672,28589,agentic,True
159564733,11945,human_candidate,True
159564733,12368,agentic,True
159564733,12444,human_candidate,True
162690887,4087,agentic,False
163654595,3704,agentic,True
163654595,3731,agentic,True
164374484,795,agentic,True
164374484,796,agentic,True
164374484,797,agentic,True
164374484,798,agentic,True
164374484,800,agentic,True
164374484,964,agentic,True
164374484,1069,agentic,True
166515022,26168,human_candidate,True
166515022,26531,human_candidate,True
166515022,27849,human_candidate,True
166515022,28127,human_candidate,True
166515022,28512,human_candidate,True
166515022,28893,human_candidate,True
166515022,29144,human_candidate,True
166902415,203,human_candidate,False
167828165,1206,human_candidate,True
167828165,1271,human_candidate,True
170592186,11379,human_candidate,True
170592186,11382,human_candidate,False
170592186,13012,human_candidate,True
170592186,13031,agentic,True
170592186,15150,agentic,True
170592186,15250,human_candidate,True
172370867,5288,human_candidate,False
172370867,6918,human_candidate,True
172370867,6961,human_candidate,True
172370867,7331,human_candidate,True
172370867,7788,human_candidate,True
172370867,7808,human_candidate,True
172404626,47,agentic,True
172404626,54,agentic,True
172811550,2672,agentic,True
172811550,2673,agentic,True
172811550,2697,agentic,True
172811550,2698,agentic,True
172811550,2700,agentic,True
172811550,2706,agentic,True
172811550,2712,agentic,True
173170791,4000,human_candidate,True
173170791,4012,human_candidate,True
173170791,4157,human_candidate,True
175391102,4877,human_candidate,True
175405157,7422,human_candidate,True
176015789,2596,agentic,True
184456251,42273,human_candidate,True
184456251,47368,agentic,True
185841694,1689,agentic,True
186939154,856,agentic,True
192332885,694,human_candidate,True
196414933,37946,human_candidate,True
196414933,40344,human_candidate,True
196414933,47183,human_candidate,True
196414933,48257,human_candidate,True
196414933,48742,human_candidate,True
196414933,48785,human_candidate,True
197033610,8343,human_candidate,True
197033610,8504,agentic,True
197153676,19630,human_candidate,True
197153676,19811,human_candidate,True
197153676,20394,human_candidate,True
197153676,20663,agentic,False
197336679,629,agentic,True
197336679,634,agentic,True
197336679,647,agentic,True
197336679,662,agentic,True
197336679,685,agentic,True
203843667,26749,human_candidate,True
203843667,27249,human_candidate,True
203843667,27423,human_candidate,True
203843667,27424,human_candidate,True
204086862,13099,human_candidate,True
204086862,13876,human_candidate,True
208102250,4256,agentic,True
208102250,4295,agentic,True
208102250,4470,human_candidate,True
209120637,2629,agentic,True
209120637,3148,human_candidate,True
210716005,114736,human_candidate,True
210716005,116123,human_candidate,True
210716005,116175,human_candidate,True
210716005,116419,human_candidate,True
210716005,116752,human_candidate,True
210716005,116895,human_candidate,True
210716005,116945,human_candidate,True
210716005,117381,human_candidate,True
210716005,117531,human_candidate,True
210716005,117989,human_candidate,True
210716005,118029,human_candidate,True
210716005,118108,human_candidate,True
210716005,118207,agentic,True
210716005,118640,human_candidate,True
210716005,119095,agentic,False
210716005,120627,agentic,True
210716005,120628,agentic,True
210716005,120630,agentic,True
210716005,120633,agentic,True
210716005,120886,agentic,True
210716005,120916,agentic,True
210716005,121077,human_candidate,True
210716005,121139,human_candidate,True
210716005,121223,human_candidate,True
210716005,121580,human_candidate,True
210716005,121641,agentic,True
210716005,121851,agentic,True
210716005,122040,human_candidate,True
210716005,122090,human_candidate,True
210716005,122107,human_candidate,True
210716005,122167,human_candidate,True
210716005,122184,human_candidate,True
210716005,122389,agentic,True
210716005,122530,agentic,True
210716005,122749,agentic,True
210716005,122822,agentic,True
210716005,122947,agentic,True
210716005,122952,agentic,True
210716005,122956,agentic,True
210716005,122959,agentic,True
210716005,123034,agentic,True
210716005,123041,agentic,True
210716005,123158,agentic,True
210716005,123397,agentic,True
210716005,123674,agentic,True
210716005,123754,agentic,True
210716005,123776,agentic,True
210716005,124077,agentic,True
210716005,124172,agentic,True
210716005,124252,human_candidate,True
210716005,124450,agentic,True
210716005,124577,agentic,True
210716005,124647,agentic,True
210716005,124667,agentic,True
210716005,124705,agentic,True
210716005,124706,agentic,True
210716005,124834,human_candidate,True
210716005,124878,human_candidate,True
210716005,124963,human_candidate,True
210716005,124997,agentic,True
210716005,125001,agentic,True
210716005,125028,agentic,True
210716005,125643,agentic,True
210716005,125650,agentic,True
210716005,125722,agentic,True
210716005,125799,human_candidate,True
210716005,126063,agentic,True
210716005,126169,human_candidate,True
210716005,126201,agentic,True
210716005,126338,agentic,True
210716005,126353,agentic,True
210716005,126534,agentic,True
210716005,126658,human_candidate,True
210716005,126671,agentic,True
210716005,126801,agentic,True
210716005,126841,agentic,True
210716005,127014,agentic,True
210716005,127123,agentic,True
210716005,127178,agentic,True
210716005,127329,agentic,True
210716005,127764,agentic,True
210716005,127779,agentic,True
210716005,127845,human_candidate,True
210716005,127930,human_candidate,True
210716005,128228,agentic,False
210716005,128232,agentic,False
210716005,128470,human_candidate,True
210716005,128504,agentic,True
210716005,128505,agentic,True
210716005,128559,human_candidate,True
210716005,128630,agentic,True
212382406,9721,human_candidate,True
212382406,9944,human_candidate,True
212465715,4062,human_candidate,True
212465715,4499,human_candidate,True
212465715,4505,human_candidate,True
213728552,469,agentic,True
213728552,522,agentic,True
214771811,79,agentic,True
215654064,7896,agentic,True
215654064,8290,human_candidate,True
215654064,9112,human_candidate,True
215654064,9168,human_candidate,True
215654064,9292,human_candidate,True
219012610,12434,agentic,False
219012610,12540,agentic,True
219035799,1782,agentic,True
219035799,1891,agentic,True
219782401,436,agentic,True
220517730,4992,agentic,True
220517730,4999,agentic,True
220546758,5320,human_candidate,True
224208127,263,agentic,True
224980941,300,agentic,True
224980941,301,agentic,True
234231371,3652,agentic,True
234231371,3687,agentic,True
234231371,3789,human_candidate,True
234231371,3996,agentic,True
234231371,4368,agentic,True
234231371,4373,agentic,True
234231371,4375,agentic,True
234231371,4379,agentic,True
236095576,30498,human_candidate,True
237222619,2810,human_candidate,False
237392204,9369,agentic,False
237392204,9382,agentic,False
237392204,9383,agentic,False
237392204,9384,agentic,False
237392204,9385,agentic,False
237392204,9386,agentic,False
237392204,9387,agentic,False
237392204,9388,agentic,False
237392204,9389,agentic,False
237392204,9390,agentic,False
237392204,9391,agentic,False
237392204,9393,agentic,False
237392204,9396,agentic,False
237392204,9406,agentic,False
237392204,9422,agentic,False
237392204,9442,agentic,False
237392204,9536,agentic,False
237392204,9601,human_candidate,False
237392204,9655,agentic,False
237392204,9656,agentic,False
237647258,10411,agentic,True
238797860,16276,human_candidate,True
238797860,16420,human_candidate,False
238797860,17901,human_candidate,True
238797860,19993,human_candidate,True
238797860,20801,agentic,True
239957242,874,agentic,True
240583093,8644,human_candidate,True
240583093,9580,human_candidate,True
240583093,9629,human_candidate,True
240583093,9659,human_candidate,False
240583093,9849,human_candidate,True
240583093,10083,human_candidate,True
240583093,10344,human_candidate,True
240583093,11319,human_candidate,True
240583093,11747,human_candidate,True
240583093,11898,human_candidate,True
240583093,12128,human_candidate,True
240583093,12182,human_candidate,True
241248985,3409,agentic,True
241248985,3490,agentic,True
241248985,3495,agentic,True
241248985,3823,human_candidate,True
245704608,4556,human_candidate,True
247710440,1835,human_candidate,True
249027166,12979,agentic,True
249337717,171,human_candidate,True
254328371,6150,human_candidate,True
255027515,978,human_candidate,True
255027515,1055,human_candidate,True
257089738,590,agentic,True
257098489,809,agentic,True
257098489,823,agentic,True
257098489,1106,human_candidate,True
257098489,1108,human_candidate,True
257098489,1109,human_candidate,False
257098489,1951,human_candidate,True
257098489,2081,human_candidate,True
257098489,2108,human_candidate,True
257098489,2109,human_candidate,True
257098489,2145,human_candidate,True
257098489,2152,human_candidate,True
257098489,2171,human_candidate,True
257485422,20513,agentic,True
257485422,22151,agentic,True
262395224,31015,agentic,True
262395224,31391,human_candidate,True
262395224,31877,human_candidate,True
262395224,32382,human_candidate,True
262395224,32420,agentic,True
262395224,32447,agentic,True
262395224,32474,agentic,True
262395224,35475,human_candidate,True
262862475,9794,agentic,True
263364731,883,agentic,True
265001214,3393,agentic,True
265001214,3401,agentic,True
265001214,3412,agentic,True
265001214,3422,agentic,True
265001214,3484,agentic,True
265001214,3532,agentic,True
265001214,3655,agentic,True
265001214,3657,agentic,True
267563398,846,agentic,True
267563398,940,agentic,True
270441630,125,agentic,True
270441630,136,agentic,True
274495425,5228,human_candidate,True
274495425,7126,agentic,True
280159108,1833,agentic,True
281765424,17406,human_candidate,False
284805743,3876,human_candidate,True
284805743,3950,agentic,True
284805743,3952,agentic,True
292427680,2201,agentic,True
294371636,979,agentic,True
294371636,1011,agentic,True
294371636,1015,agentic,True
294371636,1016,agentic,True
294371636,1017,agentic,True
295810364,3864,human_candidate,True
297778512,8147,human_candidate,True
298620687,11344,agentic,False
298620687,11573,agentic,True
302982238,300,agentic,True
305144746,10761,human_candidate,True
305144746,10805,human_candidate,True
305144746,11149,human_candidate,True
305144746,11155,human_candidate,True
305144746,11437,human_candidate,True
305144746,11596,human_candidate,True
305144746,12558,human_candidate,True
305144746,14033,human_candidate,True
305144746,14119,human_candidate,True
305144746,14244,human_candidate,True
305144746,14595,human_candidate,True
305144746,14679,human_candidate,True
305144746,14823,human_candidate,True
305144746,14856,human_candidate,True
305144746,15162,human_candidate,True
305144746,15214,human_candidate,True
305144746,15409,human_candidate,True
305144746,15490,human_candidate,True
305144746,15737,human_candidate,False
305144746,15953,human_candidate,True
305144746,16039,human_candidate,True
305144746,16059,human_candidate,True
305144746,16104,human_candidate,True
305144746,16137,agentic,True
305144746,16183,agentic,True
305144746,16236,human_candidate,True
305144746,16359,human_candidate,True
305438235,156,agentic,False
305438235,199,agentic,True
305438235,201,agentic,True
305438235,228,agentic,False
305438235,252,agentic,True
305438235,286,agentic,False
305438235,319,agentic,True
305438235,321,agentic,True
305438235,346,agentic,True
305438235,369,agentic,True
305438235,400,agentic,False
305438235,409,agentic,True
305438235,460,agentic,True
305438235,504,agentic,True
305438235,523,agentic,True
305438235,537,agentic,True
305438235,657,agentic,True
305438235,679,agentic,False
307616074,7,agentic,True
312271526,4462,human_candidate,False
312271526,4590,human_candidate,False
312271526,5200,human_candidate,False
312271526,5443,human_candidate,False
312271526,5505,human_candidate,False
312271526,5736,human_candidate,False
312271526,5762,human_candidate,False
312271526,5863,human_candidate,False
312271526,6054,human_candidate,False
314197645,3375,agentic,True
314197645,3684,human_candidate,True
314230339,84,agentic,True
314553426,4177,human_candidate,True
320393623,594,agentic,True
320393623,681,agentic,True
320393623,683,agentic,True
320393623,694,agentic,True
320393623,712,agentic,True
323665366,6671,agentic,True
327696712,5483,human_candidate,True
327696712,6134,human_candidate,True
327696712,7075,agentic,True
327696712,7213,human_candidate,True
329185461,93,agentic,True
329185461,107,agentic,True
336102115,6308,human_candidate,True
336102115,6310,agentic,True
336102115,6340,human_candidate,True
336102115,7387,human_candidate,True
338529997,393,agentic,True
348132133,4536,agentic,True
348132133,4537,agentic,True
348132133,4552,agentic,True
348491018,326,agentic,True
348491018,367,human_candidate,True
349372179,20288,human_candidate,True
349372179,21313,human_candidate,True
349372179,21547,human_candidate,True
349372179,21551,human_candidate,True
349372179,21627,human_candidate,True
349372179,21743,agentic,True
349372179,21745,agentic,True
349372179,21746,agentic,True
351806852,11990,human_candidate,True
351806852,12118,human_candidate,False
351806852,12660,human_candidate,True
352933140,13543,human_candidate,True
360211540,141,agentic,True
360238600,6650,human_candidate,True
360238600,7965,human_candidate,True
360238600,8574,human_candidate,True
360238600,8767,human_candidate,True
365250183,5653,human_candidate,True
365739812,6100,human_candidate,True
365739812,6175,human_candidate,True
365739812,6252,human_candidate,True
365739812,7433,human_candidate,True
365739812,8778,human_candidate,True
368236463,714,human_candidate,True
374381865,349,agentic,True
376974418,171,agentic,True
380002519,696,agentic,True
381857226,8169,agentic,True
381857226,9184,agentic,True
381857226,9551,agentic,True
381857226,9760,human_candidate,True
381857226,10446,agentic,True
381857226,10718,agentic,True
385265509,439,agentic,True
386644013,2234,human_candidate,True
388547709,450,human_candidate,True
388872173,4725,agentic,True
388872173,5024,agentic,True
391740664,21376,human_candidate,True
391740664,22140,human_candidate,True
391740664,24709,agentic,True
391740664,26022,human_candidate,True
391740664,26485,agentic,True
391740664,28544,human_candidate,False
395140743,4802,human_candidate,True
395140743,6347,human_candidate,True
395140743,6879,human_candidate,True
395140743,6883,human_candidate,True
395140743,6948,human_candidate,True
395140743,7690,human_candidate,True
395140743,8342,human_candidate,True
395140743,9320,human_candidate,True
395140743,9636,agentic,True
395140743,9695,human_candidate,True
398753576,711,agentic,True
398753576,1225,agentic,True
398753576,1462,agentic,True
400215964,9138,human_candidate,True
400215964,9424,agentic,True
400215964,9771,agentic,True
400215964,9774,agentic,True
400215964,9818,agentic,True
400215964,9888,agentic,True
400215964,10049,human_candidate,True
400215964,10309,agentic,True
400215964,10647,agentic,True
400215964,10657,agentic,True
400215964,10665,agentic,True
400215964,10674,agentic,True
400215964,10698,agentic,False
400215964,11153,agentic,True
400215964,11284,agentic,True
400215964,11360,agentic,True
401807767,2631,human_candidate,True
408858330,26218,human_candidate,True
410897288,3413,human_candidate,True
410897288,3500,human_candidate,True
410897288,4079,human_candidate,True
410897288,4474,human_candidate,True
410897288,4482,human_candidate,True
410897288,4605,agentic,True
412511427,197,agentic,True
412759104,408,human_candidate,True
413794983,2221,human_candidate,False
413918947,10623,agentic,True
413918947,11887,human_candidate,True
413918947,11915,human_candidate,True
413918947,11929,human_candidate,True
413918947,11965,human_candidate,True
413918947,11988,human_candidate,True
413918947,12569,human_candidate,True
422711680,2146,agentic,True
422711680,5232,human_candidate,False
422711680,5269,human_candidate,False
422711680,5574,human_candidate,False
426970395,60,agentic,True
429221032,208,agentic,True
430749584,11267,human_candidate,True
430749584,11798,agentic,True
433321004,3615,agentic,True
433321004,3616,agentic,True
434366539,388,agentic,True
436466520,9067,agentic,True
436658287,5745,human_candidate,True
436658287,6700,human_candidate,True
436658287,6824,human_candidate,True
436658287,7081,human_candidate,True
440017777,218,agentic,True
440017777,677,agentic,True
440017777,678,agentic,True
440017777,680,agentic,True
440017777,682,agentic,True
440017777,683,agentic,True
440017777,684,agentic,True
440017777,691,agentic,True
440017777,693,agentic,True
442321089,1066,agentic,True
442321089,1108,agentic,False
442321089,1868,agentic,True
442321089,1908,agentic,True
442321089,2042,agentic,True
442321089,2044,agentic,True
442321089,2073,agentic,False
442321089,2076,agentic,True
442321089,2264,agentic,True
442321089,2273,agentic,False
442321089,2337,agentic,True
445862991,181,agentic,True
446093093,961,agentic,False
448599559,11637,human_candidate,True
449656810,2166,agentic,True
452221115,2691,agentic,True
453068084,22069,human_candidate,True
453068084,23987,human_candidate,True
453068084,25764,human_candidate,True
456470362,3129,agentic,True
456470362,3321,agentic,True
458648791,10748,agentic,True
460125865,3058,agentic,True
460609164,902,agentic,True
464577591,2441,human_candidate,True
464630029,5140,human_candidate,True
464630029,5455,human_candidate,True
464630029,5593,human_candidate,True
466513703,705,human_candidate,True
475909036,308,human_candidate,True
476642602,10648,human_candidate,True
476642602,10677,agentic,True
476642602,10727,human_candidate,True
476642602,11179,human_candidate,True
476642602,11286,human_candidate,True
476642602,11320,agentic,True
476642602,12058,agentic,True
476642602,12560,agentic,True
476642602,13010,agentic,True
476642602,13011,agentic,True
476642602,13020,agentic,True
476642602,13024,agentic,True
476642602,13068,human_candidate,True
476642602,13069,agentic,True
476642602,13130,agentic,True
476642602,13131,agentic,True
476642602,13133,agentic,True
476642602,13142,agentic,True
476642602,13143,agentic,True
476642602,13158,agentic,True
476642602,13191,human_candidate,True
476642602,13227,agentic,True
476642602,13228,agentic,True
476642602,13229,human_candidate,True
476642602,13243,agentic,True
476642602,13272,agentic,True
476642602,13306,agentic,True
476642602,13309,human_candidate,True
476642602,13338,agentic,True
476642602,13478,agentic,True
476642602,13490,agentic,True
476642602,13493,agentic,True
476642602,13495,agentic,True
476642602,13501,agentic,True
476642602,13509,agentic,True
476642602,13513,agentic,True
476642602,13535,agentic,True
476642602,13536,agentic,True
476642602,13545,agentic,True
476642602,13556,agentic,True
476642602,13564,agentic,True
476642602,13566,agentic,True
476642602,13578,agentic,True
476642602,13579,agentic,True
476642602,13581,agentic,True
476642602,13609,agentic,True
476642602,13617,agentic,True
476642602,13631,agentic,True
476642602,13634,agentic,True
476642602,13646,agentic,True
476642602,13647,agentic,True
476642602,13649,agentic,True
476642602,13662,agentic,True
476642602,13668,agentic,True
476642602,13674,agentic,True
476642602,13714,agentic,True
476642602,13759,agentic,True
476642602,13774,agentic,True
476642602,13781,agentic,True
476642602,13787,agentic,True
476642602,13788,agentic,True
476642602,13806,agentic,True
476642602,13808,agentic,True
476642602,13821,agentic,True
476642602,13841,agentic,True
476642602,13842,agentic,True
476642602,13851,agentic,True
476642602,13854,agentic,True
476642602,13858,agentic,True
476642602,13859,agentic,True
476642602,13873,agentic,True
476642602,13876,agentic,True
476642602,13926,agentic,True
476642602,13932,agentic,True
476642602,13935,agentic,True
476642602,13936,agentic,True
476642602,13951,agentic,True
476642602,13955,agentic,True
476642602,13968,agentic,True
476642602,13973,agentic,True
476642602,13975,agentic,True
476642602,13990,agentic,True
476642602,14013,agentic,True
476642602,14014,agentic,True
476642602,14019,agentic,True
476642602,14020,agentic,True
476642602,14041,agentic,True
476642602,14042,agentic,True
476642602,14075,agentic,True
476642602,14097,agentic,True
476642602,14101,agentic,True
476642602,14103,human_candidate,True
476642602,14148,agentic,True
476642602,14149,agentic,True
476642602,14164,agentic,True
476642602,14172,agentic,True
476642602,14186,human_candidate,True
476642602,14196,agentic,True
476642602,14205,agentic,True
476642602,14209,human_candidate,True
476642602,14227,agentic,True
476642602,14229,agentic,True
476642602,14242,agentic,True
478037973,3131,human_candidate,True
478037973,4467,human_candidate,True
481206475,1005,human_candidate,True
486815039,5899,agentic,True
486815039,5904,agentic,True
486815039,5921,agentic,True
490854123,1381,human_candidate,True
501095512,3389,human_candidate,False
501095512,3595,human_candidate,True
501095512,4388,human_candidate,True
501372599,2492,human_candidate,True
509436902,933,human_candidate,True
510889311,6418,agentic,True
510889311,6963,human_candidate,True
510889311,7332,agentic,True
510889311,7600,human_candidate,True
510889311,8458,agentic,True
511003180,2051,human_candidate,True
512270340,911,human_candidate,True
512270340,1091,human_candidate,True
513328880,1322,agentic,False
513328880,1338,agentic,False
517126881,534,agentic,True
520315548,134,agentic,True
520315548,138,agentic,True
523043277,20030,human_candidate,True
523043277,20128,human_candidate,True
523043277,22195,human_candidate,True
523043277,22337,human_candidate,True
523043277,24057,human_candidate,True
523043277,24311,human_candidate,True
523043277,24622,agentic,True
523043277,24623,agentic,True
523043277,24624,agentic,True
523043277,24625,agentic,True
523043277,24626,agentic,True
523043277,24842,human_candidate,True
523043277,25227,human_candidate,True
523043277,25244,human_candidate,True
523043277,25266,human_candidate,True
523043277,25293,human_candidate,True
523043277,25351,human_candidate,True
525592995,8197,human_candidate,True
526156868,966,human_candidate,True
528799794,6580,human_candidate,True
530343316,1077,human_candidate,False
533537084,812,human_candidate,True
537085161,4452,human_candidate,True
537085161,4472,human_candidate,True
537085161,5544,human_candidate,False
537085161,5554,human_candidate,False
537085161,6183,human_candidate,False
537233603,16242,human_candidate,True
537233603,16836,human_candidate,True
537233603,16894,human_candidate,True
537233603,17388,human_candidate,True
537233603,17651,human_candidate,True
537233603,18072,agentic,True
537233603,19427,human_candidate,True
537233603,20488,human_candidate,True
537233603,20659,human_candidate,True
537233603,20720,human_candidate,True
537233603,20732,human_candidate,True
537233603,20863,human_candidate,True
537233603,20873,human_candidate,True
537233603,20954,human_candidate,True
537233603,21010,human_candidate,True
537233603,21105,human_candidate,True
537233603,21168,human_candidate,True
537233603,21408,human_candidate,True
537233603,21645,human_candidate,True
537233603,21684,human_candidate,True
537233603,21687,human_candidate,True
537233603,21780,human_candidate,True
537233603,21835,human_candidate,True
537233603,21920,human_candidate,True
537233603,21982,human_candidate,True
537233603,22121,human_candidate,True
537233603,22127,human_candidate,True
537233603,22147,human_candidate,True
537233603,22188,human_candidate,True
537233603,22206,human_candidate,True
537233603,22348,agentic,True
537233603,22350,agentic,True
537233603,22351,agentic,True
537233603,22353,agentic,True
537233603,22354,agentic,True
537233603,22398,agentic,True
537233603,22399,agentic,True
537233603,22400,agentic,True
537233603,22401,human_candidate,True
537233603,22407,agentic,True
537233603,22409,agentic,True
537233603,22411,agentic,True
537233603,22448,human_candidate,True
537233603,22486,agentic,True
537233603,22487,agentic,True
537233603,22510,human_candidate,True
537233603,22527,human_candidate,True
537233603,22547,human_candidate,True
537233603,22567,human_candidate,True
537233603,22647,human_candidate,True
537233603,22711,human_candidate,True
537233603,22724,human_candidate,True
537233603,22747,human_candidate,True
537233603,22786,human_candidate,True
537233603,22812,human_candidate,True
537233603,22917,human_candidate,True
537233603,23181,human_candidate,True
537233603,23199,agentic,True
537233603,23283,human_candidate,True
537233603,23287,human_candidate,True
537233603,23295,agentic,True
537233603,23300,human_candidate,True
537233603,23334,human_candidate,True
537233603,23386,agentic,True
537233603,23423,human_candidate,True
537233603,23492,human_candidate,True
537233603,23498,human_candidate,True
537233603,23507,human_candidate,True
537233603,23543,human_candidate,True
537233603,23617,human_candidate,True
537233603,23620,human_candidate,True
537233603,23647,human_candidate,True
537233603,23651,human_candidate,True
537233603,23653,human_candidate,True
537233603,23657,human_candidate,True
537233603,23660,human_candidate,True
537233603,23696,human_candidate,True
537233603,23761,agentic,True
537233603,23792,human_candidate,True
537233603,23793,human_candidate,True
537233603,23813,human_candidate,True
537233603,23830,human_candidate,True
537233603,23889,human_candidate,True
537233603,23892,human_candidate,True
537233603,23926,human_candidate,True
537233603,23934,human_candidate,True
537233603,23948,human_candidate,True
537233603,23957,human_candidate,True
537233603,23967,human_candidate,True
537233603,24134,agentic,True
537233603,24237,human_candidate,True
550054675,9105,agentic,True
550054675,9701,agentic,True
550902717,6008,agentic,True
552661142,31659,human_candidate,True
552661142,36375,human_candidate,True
552661142,36649,human_candidate,True
552661142,37101,human_candidate,True
565750987,12,agentic,True
569233100,975,human_candidate,True
571475096,108,agentic,False
571475096,112,agentic,False
571475096,118,agentic,False
571475096,234,agentic,False
571475096,261,agentic,False
572570113,2229,human_candidate,True
572570113,3395,agentic,True
572570113,3525,human_candidate,True
572570113,3625,human_candidate,True
572984571,12652,human_candidate,True
572984571,13704,human_candidate,True
572984571,19253,human_candidate,True
572984571,19933,human_candidate,True
573411360,957,agentic,True
573661753,9982,agentic,True
573661753,12733,human_candidate,True
575321313,1898,agentic,True
575321313,2013,human_candidate,True
575865240,3246,agentic,True
575865240,3825,human_candidate,True
575865240,4240,human_candidate,True
575865240,4259,agentic,True
575865240,4939,agentic,True
575865240,6532,human_candidate,False
577975610,1323,agentic,False
581186630,89,agentic,True
583528771,574,agentic,True
586920414,9575,agentic,True
586920414,9833,agentic,True
586920414,10068,agentic,True
587050620,8596,human_candidate,True
587937846,7997,human_candidate,True
593184777,268,agentic,True
593184777,422,agentic,True
593184777,458,agentic,True
593184777,551,agentic,True
593184777,553,agentic,True
593184777,568,agentic,True
594155488,3992,agentic,True
595526110,2885,human_candidate,True
595526110,2893,human_candidate,True
595526110,3951,human_candidate,True
595526110,3971,human_candidate,True
595526110,4470,human_candidate,True
595832198,4201,agentic,True
595832198,5456,human_candidate,True
598401026,1461,human_candidate,True
598846021,913,agentic,True
598846021,937,agentic,True
598998398,4411,agentic,True
599320067,10993,agentic,True
599431918,10242,human_candidate,True
599431918,10452,human_candidate,True
599431918,11323,human_candidate,True
599431918,11423,human_candidate,True
599431918,11698,human_candidate,True
599431918,11776,human_candidate,True
599431918,12056,human_candidate,True
599431918,12080,human_candidate,True
599431918,12093,human_candidate,True
599431918,12138,human_candidate,True
599431918,12218,human_candidate,True
599431918,12277,human_candidate,True
599431918,12329,human_candidate,True
599431918,12521,human_candidate,True
599431918,12599,agentic,True
599431918,12673,agentic,True
599431918,12676,human_candidate,True
599431918,12682,human_candidate,True
599431918,12684,agentic,True
599431918,12685,agentic,True
599431918,12694,agentic,True
599431918,12709,agentic,True
599431918,12727,agentic,True
599431918,12735,agentic,True
599431918,12765,agentic,True
599431918,12768,agentic,True
599431918,12775,agentic,True
599431918,12776,agentic,True
599431918,12778,human_candidate,True
599431918,12821,agentic,True
599431918,12847,agentic,True
599431918,12852,agentic,True
599431918,12883,human_candidate,True
599431918,12884,agentic,True
599431918,12997,agentic,True
599431918,13097,agentic,True
599431918,13098,agentic,True
599431918,13419,human_candidate,True
599431918,13593,agentic,True
599431918,14397,agentic,True
599431918,14519,human_candidate,True
599431918,14630,human_candidate,True
599431918,14695,human_candidate,True
599431918,14737,human_candidate,True
599431918,14802,agentic,True
599431918,15464,human_candidate,True
599431918,16188,human_candidate,True
599431918,16400,agentic,True
599431918,16630,human_candidate,True
599431918,16835,human_candidate,True
599431918,17379,human_candidate,True
599431918,17399,human_candidate,True
599431918,17797,human_candidate,True
599431918,18034,human_candidate,True
599431918,18175,agentic,True
599431918,18454,agentic,True
599431918,18476,agentic,True
599431918,18584,agentic,True
599431918,18921,agentic,True
599431918,19028,human_candidate,True
599431918,19543,human_candidate,True
599431918,19851,human_candidate,True
599431918,20136,agentic,True
599431918,20189,human_candidate,True
599431918,20249,human_candidate,True
599431918,20312,human_candidate,True
599431918,20314,human_candidate,True
599431918,20318,human_candidate,True
599431918,20381,human_candidate,True
599431918,20509,human_candidate,True
599431918,20826,human_candidate,True
599431918,20910,human_candidate,True
599431918,21020,human_candidate,True
599431918,21339,human_candidate,True
599431918,21622,human_candidate,True
599431918,21709,human_candidate,True
599431918,21811,human_candidate,True
599431918,22081,agentic,True
599431918,22212,agentic,True
599431918,22438,human_candidate,True
599431918,22509,agentic,True
599431918,22562,agentic,True
599431918,22578,agentic,True
599431918,22588,agentic,True
599431918,22598,agentic,True
599431918,22600,agentic,True
599431918,22601,agentic,True
599431918,22602,agentic,True
599431918,22610,human_candidate,True
599431918,22669,agentic,True
599431918,22694,agentic,True
600113513,2088,agentic,True
601303277,1749,agentic,True
601388007,158,human_candidate,True
601388007,220,human_candidate,True
603860295,1402,human_candidate,True
603860295,2286,human_candidate,True
605995490,2051,human_candidate,True
612354784,13806,human_candidate,False
612354784,14317,human_candidate,True
612354784,14918,human_candidate,True
612354784,14978,human_candidate,True
612354784,15385,human_candidate,True
612354784,15434,human_candidate,True
612354784,15719,human_candidate,True
612354784,16056,human_candidate,True
612354784,16265,human_candidate,False
612354784,16636,human_candidate,False
612354784,16810,human_candidate,True
612354784,17427,human_candidate,True
612354784,17892,human_candidate,True
612354784,18096,human_candidate,True
612354784,18666,human_candidate,False
612354784,19780,human_candidate,True
612354784,19840,human_candidate,True
612354784,20020,agentic,True
612354784,20250,agentic,True
612354784,20282,human_candidate,False
612354784,20525,human_candidate,True
612354784,20551,human_candidate,True
612354784,20640,human_candidate,True
612354784,20943,human_candidate,True
612354784,21344,human_candidate,False
612354784,21443,human_candidate,True
612354784,22008,human_candidate,True
612354784,22330,human_candidate,False
612354784,22768,human_candidate,True
612354784,22812,human_candidate,True
612354784,22821,human_candidate,False
612354784,23083,human_candidate,True
612354784,23198,human_candidate,True
612354784,23309,agentic,True
612354784,23339,human_candidate,False
612354784,23349,human_candidate,False
612354784,23402,human_candidate,True
612354784,23411,human_candidate,True
612354784,23492,human_candidate,True
612354784,23510,human_candidate,True
612354784,23696,human_candidate,True
612354784,23807,human_candidate,True
612354784,23915,agentic,True
612354784,23940,human_candidate,False
614765452,13047,human_candidate,True
615684995,666,human_candidate,True
620004347,1676,human_candidate,True
622646426,686,agentic,True
622903599,734,human_candidate,True
631840812,309,agentic,True
633262635,5985,human_candidate,True
633927609,3046,agentic,True
633927609,3047,agentic,True
633927609,5117,human_candidate,False
634043200,4645,human_candidate,False
634043200,5985,human_candidate,False
634043200,6110,human_candidate,False
634043200,6210,agentic,False
634043200,6212,agentic,False
634043200,6213,agentic,False
634043200,6218,human_candidate,False
634043200,6221,agentic,False
634043200,6225,human_candidate,False
634043200,6228,agentic,False
634043200,6229,agentic,False
634043200,6230,agentic,False
634043200,6233,agentic,False
634043200,6243,agentic,False
634043200,6244,agentic,False
634043200,6245,agentic,False
634043200,6319,agentic,True
634043200,6523,human_candidate,False
634043200,6633,agentic,False
638951438,3549,human_candidate,True
638951438,4098,agentic,False
638951438,5151,human_candidate,True
638951438,5599,human_candidate,True
638951438,6713,human_candidate,True
639079153,1154,human_candidate,True
639195966,883,human_candidate,True
639472514,6661,human_candidate,False
639472514,8308,human_candidate,False
642497346,7585,agentic,False
642497346,7895,agentic,False
642497346,11921,agentic,True
642497346,12572,agentic,True
642497346,13479,agentic,True
642868297,429,human_candidate,True
642983964,309,human_candidate,True
643629784,641,agentic,True
643647588,2085,agentic,True
643971174,1938,human_candidate,True
643971174,3203,human_candidate,True
643978507,2143,agentic,True
643978507,2144,agentic,True
644499668,246,agentic,True
644499668,263,agentic,False
645180041,932,agentic,True
645180041,934,agentic,True
645180041,961,agentic,True
645180041,970,agentic,True
645180041,972,agentic,True
645180041,973,agentic,True
645180041,974,agentic,True
645180041,976,agentic,True
645180041,996,agentic,True
645180041,997,agentic,True
645692075,4987,human_candidate,True
647427819,1787,agentic,True
647509652,4579,agentic,True
647509652,4787,agentic,False
647509652,5559,human_candidate,True
650377372,6544,human_candidate,True
650377372,6642,agentic,False
650377372,6883,human_candidate,True
651622038,1047,human_candidate,False
651622038,1541,human_candidate,True
653589102,2264,agentic,True
655181249,1657,agentic,True
664013991,1505,human_candidate,True
665613753,505,agentic,True
665613753,1702,human_candidate,True
669466632,795,agentic,True
673010778,1354,human_candidate,True
673010778,2329,agentic,True
674225653,1535,agentic,False
675740952,682,human_candidate,True
675740952,1056,human_candidate,True
675740952,1177,human_candidate,True
675740952,1301,human_candidate,False
675740952,1582,human_candidate,True
675740952,2131,human_candidate,True
675859069,1174,agentic,True
675859069,1236,agentic,True
675859069,1237,agentic,True
675859069,1238,agentic,True
676672661,4888,human_candidate,True
676672661,7426,human_candidate,True
676672661,7902,human_candidate,True
678526156,3760,human_candidate,True
678526156,9528,human_candidate,True
678526156,9691,human_candidate,True
679280065,8691,agentic,True
679280065,9210,agentic,True
679601811,2672,human_candidate,True
679601811,2709,human_candidate,True
679601811,3159,human_candidate,True
679784368,1633,agentic,True
679784368,1877,agentic,True
681331591,1047,agentic,True
681372871,1330,human_candidate,True
681372871,1571,agentic,True
686916383,411,agentic,False
686916383,439,human_candidate,False
694709543,993,human_candidate,True
699532645,18394,human_candidate,True
699532645,19383,agentic,True
699532645,19425,human_candidate,True
701494311,2467,agentic,True
701494311,3595,agentic,True
701547123,19680,human_candidate,True
701547123,20978,human_candidate,False
701547123,21019,human_candidate,True
701547123,21947,human_candidate,False
701547123,22100,human_candidate,False
701547123,22982,human_candidate,False
701547123,23539,human_candidate,True
701547123,23799,human_candidate,True
701547123,24288,human_candidate,True
701547123,24951,human_candidate,False
701547123,24956,human_candidate,False
701547123,25066,agentic,True
701547123,25070,agentic,True
701547123,25071,agentic,True
701547123,25194,agentic,True
707441527,3856,human_candidate,False
707441527,3953,human_candidate,True
707441527,5402,human_candidate,True
708452754,919,human_candidate,True
711022854,1005,human_candidate,True
718314761,1762,human_candidate,True
718741813,545,agentic,True
720209383,569,agentic,True
720209383,1417,agentic,True
720209383,1424,agentic,True
720209383,1472,agentic,True
720209383,1595,agentic,True
720209383,1596,agentic,True
720209383,1598,agentic,True
720209383,1601,agentic,True
720209383,1613,agentic,True
720209383,1675,agentic,True
720209383,1707,agentic,True
720209383,1828,agentic,True
720999772,17,agentic,True
720999772,28,agentic,True
720999772,35,agentic,True
720999772,39,agentic,True
720999772,42,agentic,True
721767116,7009,agentic,True
722184017,2113,agentic,True
722597620,449,agentic,True
722597620,461,agentic,True
722597620,916,agentic,True
722597620,1846,human_candidate,True
722597620,3069,human_candidate,True
742623962,401,human_candidate,True
742623962,500,human_candidate,True
742623962,592,human_candidate,True
742623962,606,human_candidate,True
744218577,60,agentic,True
744218577,61,agentic,True
744218577,63,agentic,True
744218577,65,agentic,True
744218577,66,agentic,True
744218577,70,agentic,True
744218577,71,agentic,True
744218577,74,agentic,True
744218577,75,agentic,True
744218577,76,agentic,True
744218577,77,agentic,True
746306477,28,agentic,True
749681472,2253,agentic,False
749681472,2255,agentic,False
749681472,2262,agentic,False
749681472,2265,agentic,False
749681472,2266,agentic,False
749681472,2267,agentic,False
749681472,2274,human_candidate,False
749681472,2535,human_candidate,False
749681472,2768,agentic,False
749681472,2780,agentic,False
749681472,2834,agentic,False
749681472,2872,human_candidate,False
749681472,2895,agentic,False
749681472,2978,agentic,False
749681472,3555,agentic,False
749681472,3557,agentic,False
749681472,3559,agentic,False
749681472,3560,agentic,False
749681472,3562,agentic,False
749681472,3564,agentic,False
749681472,3569,agentic,False
749681472,3571,agentic,False
749681472,3639,human_candidate,False
749681472,3641,human_candidate,False
749681472,3642,agentic,False
750789159,466,agentic,True
752037937,26,agentic,True
752940677,484,human_candidate,True
763774926,1429,agentic,True
763923484,1510,agentic,True
763923484,1516,agentic,True
763923484,1764,agentic,True
763923484,2558,agentic,True
764723738,5448,human_candidate,True
764723738,5649,human_candidate,True
765083837,4951,human_candidate,True
765938063,1665,agentic,True
765938063,3612,agentic,True
766925713,583,human_candidate,True
773894671,2205,human_candidate,True
773894671,2509,human_candidate,True
775743011,2311,human_candidate,True
775743011,3410,human_candidate,True
775839592,1428,human_candidate,False
775839592,1429,agentic,True
775839592,2144,human_candidate,True
775839592,2724,agentic,True
775839592,2951,agentic,True
775839592,2999,agentic,True
775839592,3052,agentic,True
775839592,3376,agentic,True
775839592,3377,agentic,True
775839592,3398,agentic,True
775839592,3452,agentic,True
775839592,4149,agentic,True
775839592,4439,human_candidate,True
775839592,4532,human_candidate,True
775839592,4829,human_candidate,True
775839592,4845,human_candidate,True
775839592,5023,agentic,True
775839592,5070,agentic,True
775839592,5169,agentic,True
775839592,5350,agentic,True
775839592,5447,agentic,True
775839592,5454,human_candidate,True
775839592,5635,human_candidate,True
775839592,5899,agentic,True
775839592,6069,agentic,True
776121034,2818,human_candidate,False
776121034,7526,human_candidate,True
776121034,7529,human_candidate,True
776916297,1540,human_candidate,False
776916297,1791,human_candidate,True
777912773,1527,human_candidate,True
780660899,1131,agentic,True
787462297,798,human_candidate,True
788715163,427,agentic,True
792160692,78,agentic,True
792160692,82,agentic,True
793399480,1935,human_candidate,True
793399480,2126,human_candidate,True
793399480,2196,human_candidate,True
793399480,2325,human_candidate,True
793399480,2371,human_candidate,True
796633002,725,agentic,True
797493401,1179,agentic,True
797493401,1181,agentic,True
797493401,1182,human_candidate,True
808266543,3391,human_candidate,False
808266543,3855,human_candidate,True
808266543,3933,human_candidate,True
808266543,4203,human_candidate,True
808266543,5203,human_candidate,True
808266543,5302,human_candidate,True
808266543,5375,human_candidate,True
808266543,5877,human_candidate,True
808266543,6033,human_candidate,True
808266543,6046,human_candidate,True
808266543,6057,human_candidate,True
808266543,6243,human_candidate,True
808266543,6244,human_candidate,True
808266543,6245,human_candidate,True
808266543,6410,human_candidate,True
808266543,6548,human_candidate,True
808266543,6639,human_candidate,True
808419207,299,agentic,True
808419207,468,agentic,True
812496927,146,agentic,True
812496927,190,agentic,True
812496927,191,agentic,True
812496927,192,agentic,True
814684486,2400,agentic,True
816422401,1243,agentic,True
820087727,982,agentic,True
820087727,1630,agentic,True
820087727,2132,agentic,True
820192032,1578,human_candidate,False
821360765,1967,human_candidate,True
821360765,2081,human_candidate,True
821360765,2321,human_candidate,False
821360765,2718,human_candidate,True
824265054,1355,agentic,False
825888299,135,agentic,False
826111692,473,agentic,True
828119367,1155,agentic,True
828285248,2251,agentic,True
828285248,2252,agentic,True
828285248,2410,human_candidate,True
828285248,2504,human_candidate,True
828285248,2632,human_candidate,True
828285248,3200,agentic,True
828285248,3203,agentic,True
828285248,3221,human_candidate,True
828285248,3471,human_candidate,True
828285248,3486,agentic,True
828285248,3496,agentic,True
828285248,3539,human_candidate,True
828285248,3571,human_candidate,True
828285248,3641,human_candidate,True
828285248,3752,human_candidate,True
828285248,3760,human_candidate,True
828285248,3766,human_candidate,True
828285248,3858,human_candidate,True
828285248,3870,human_candidate,True
829413452,680,agentic,True
831972025,430,agentic,False
839216423,845,agentic,True
839216423,847,agentic,True
839216423,1985,agentic,True
839216423,2037,agentic,True
839216423,2927,agentic,True
844305953,12,agentic,True
844738531,2218,human_candidate,False
845317529,1796,agentic,True
845317529,2471,agentic,True
845380264,323,agentic,True
845380264,325,agentic,True
846729675,357,agentic,True
846923721,226,agentic,True
846923721,236,agentic,True
846923721,256,agentic,True
846923721,277,agentic,True
846923721,496,human_candidate,True
860100131,1308,human_candidate,True
860100131,1823,human_candidate,True
860100131,2719,agentic,True
860100131,2870,human_candidate,True
860100131,3115,human_candidate,True
860100131,3275,human_candidate,True
860100131,3369,human_candidate,True
860100131,3823,human_candidate,True
860100131,4024,human_candidate,True
867014724,378,human_candidate,True
876327247,299,agentic,True
879168187,689,human_candidate,True
881458615,2705,agentic,True
881458615,2727,agentic,True
881458615,2958,agentic,True
881458615,2960,agentic,True
881458615,3650,agentic,True
881458615,3774,agentic,False
883593929,116,agentic,True
883593929,118,agentic,True
883593929,121,agentic,True
883829350,510,agentic,True
883829350,533,human_candidate,True
884778513,82,agentic,True
887571250,441,agentic,True
887571250,488,agentic,True
887571250,490,agentic,True
887571250,500,agentic,True
887571250,509,agentic,True
887571250,510,agentic,True
893798089,61,agentic,True
897595329,717,agentic,True
897595329,726,human_candidate,True
897595329,751,human_candidate,True
897595329,828,agentic,True
898949330,185,agentic,True
901089955,794,human_candidate,True
904510168,394,human_candidate,True
914048456,999,human_candidate,True
914053359,1937,human_candidate,True
914053359,2209,human_candidate,True
914796651,150,human_candidate,True
916252207,951,agentic,False
916252207,976,agentic,False
916252207,1325,human_candidate,False
919569198,410,agentic,True
921684538,549,human_candidate,True
923332984,50,agentic,True
923332984,57,agentic,True
923332984,94,agentic,True
923332984,169,agentic,True
923332984,359,agentic,True
923332984,360,agentic,True
923332984,570,agentic,True
923332984,699,agentic,True
923332984,704,agentic,True
923332984,749,agentic,True
923332984,772,agentic,True
923332984,783,agentic,True
923332984,794,agentic,True
923332984,852,agentic,True
923332984,854,agentic,True
923332984,855,agentic,True
923332984,890,agentic,True
923332984,952,agentic,True
923332984,1033,agentic,True
923332984,1034,agentic,True
923332984,1038,agentic,True
923332984,1039,agentic,True
923332984,1040,agentic,True
923332984,1041,agentic,True
923332984,1046,agentic,True
923332984,1062,agentic,True
923332984,1066,agentic,True
923332984,1069,agentic,True
923332984,1092,agentic,True
923332984,1172,agentic,True
923332984,1217,agentic,True
923332984,1249,agentic,True
923332984,1250,agentic,True
923332984,1304,agentic,True
923332984,1348,agentic,True
923332984,1355,agentic,True
926252103,1968,agentic,True
927421008,91,agentic,True
929338255,404,agentic,True
929338255,442,human_candidate,True
934959044,104,human_candidate,True
934959044,1165,human_candidate,True
934959044,1272,human_candidate,True
939393745,1385,agentic,True
939393745,1743,agentic,False
939393745,2352,agentic,True
939393745,2353,agentic,True
942771284,1403,human_candidate,True
942771284,1533,agentic,False
942771284,1535,agentic,True
942771284,2017,human_candidate,True
945896114,741,agentic,True
945896114,1040,human_candidate,True
945896114,1955,human_candidate,True
945896114,2100,agentic,True
945896114,2101,agentic,True
946087422,3887,human_candidate,True
946087422,8721,human_candidate,True
946087422,9442,human_candidate,True
946174307,1070,agentic,True
946174307,1138,agentic,True
946174307,1274,agentic,True
946174307,1319,agentic,True
946174307,1531,human_candidate,True
946945328,84,agentic,True
948174507,97,agentic,True
949348116,250,agentic,False
952097046,628,human_candidate,True
952097046,648,human_candidate,True
959682770,792,agentic,True
959682770,3739,human_candidate,True
959682770,3815,human_candidate,True
959682770,3827,human_candidate,True
964314175,201,agentic,True
967503541,958,agentic,False
978331188,54,agentic,False
985839104,669,human_candidate,True
985839104,674,human_candidate,True
987749923,21,agentic,True
988834688,358,human_candidate,True
993521808,1027,human_candidate,True
999285986,19,agentic,True
999686447,2152,agentic,True
999686447,3623,human_candidate,True
1000362065,1624,human_candidate,False
1001163434,7,agentic,True
1002552148,333,agentic,True
1002608585,7,agentic,True
1003222647,263,agentic,True
1007555070,146,human_candidate,True
1019432584,1149,human_candidate,True
1020430400,9,agentic,True
