case_id,repo_id,number,audit_arm,audit_stratum,stratum_population,stratum_sample_size,inclusion_probability,sampling_weight,aidev_task_type,selection_hash,manual_label
LUNA-AUDIT-090,509028,4784,agentic,negative_agentic_other,17884,5,0.0002795795124133304,3576.8,test,0012c7abe89de7a2bdec2f5ac1bff747282085019a2cbd4d946e50472e753c33,performance
LUNA-AUDIT-014,1644196,58473,human_candidate,positive_outside_human_candidate,19689,15,0.0007618467164406522,1312.6,perf,00325099aa4cc06f498e0ad4fad96206a55b4741c3f1b8164d22f9997d72bff2,performance
LUNA-AUDIT-008,1663468,20053,human_candidate,positive_outside_human_candidate,19689,15,0.0007618467164406522,1312.6,perf,0002147e7504d3b4771938b0b4a86332141059ceec55bac3a74c82b9f41432ae,performance
LUNA-AUDIT-044,19330736,7416,human_candidate,positive_final_human_candidate,797,15,0.01882057716436637,53.13333333333333,perf,033de2e0346881b3acd710a172506a0619f06f454b9105db398192adbddc3497,performance
LUNA-AUDIT-059,23496542,8151,human_candidate,positive_final_human_candidate,797,15,0.01882057716436637,53.13333333333333,perf,011a658170fff879fc3a46e209c8876c6b6fc096bf654d06bc9dd339338efda1,not_performance
LUNA-AUDIT-073,29048891,19138,agentic,positive_final_agentic,851,15,0.01762632197414806,56.73333333333333,perf,0302d80d697b3c4c007aeabd97b29504d20eee873c492f51bd39281432280526,performance
LUNA-AUDIT-032,31629751,31598,human_candidate,negative_human_candidate_feat,216631,5,2.308072251893773e-05,43326.2,feat,0000c33483d6952734c63cec567412f1df54afac339d7cff63cf01f6faa947c6,not_performance
LUNA-AUDIT-100,42009758,39214,agentic,positive_final_agentic,851,15,0.01762632197414806,56.73333333333333,perf,0222efefb6741ec817752f43ca2adc4ef058fd30100073de3604ef312ccd6807,performance
LUNA-AUDIT-045,65080725,6165,agentic,negative_agentic_refactor,3528,5,0.001417233560090703,705.6,refactor,00134da1a83219b6b08c72d93d79e09b966614a6d6f80fffc96fcf005c714e93,not_performance
LUNA-AUDIT-046,65080725,7917,human_candidate,positive_final_human_candidate,797,15,0.01882057716436637,53.13333333333333,perf,02e93210173c7eae04bb835c701022e8935a8958908fd57adb8bbc2ddf1c48dd,performance
LUNA-AUDIT-047,65711522,72596,human_candidate,negative_human_candidate_other,386830,5,1.292557454178838e-05,77366.0,build,00006189b9b4c6b1c45fc70d9f132b8317443332b580f1a82bbb73d3fcaddfbf,performance
LUNA-AUDIT-019,65711522,77197,human_candidate,positive_final_human_candidate,797,15,0.01882057716436637,53.13333333333333,perf,041c2c7c0d99985a118f9598545700956399737571c7845168ab0326211d09c7,not_performance
LUNA-AUDIT-003,65711522,77562,human_candidate,positive_outside_human_candidate,19689,15,0.0007618467164406522,1312.6,perf,003700cd7797d15e9775d57c95be568a630076a1599204e3d0049614b67b3828,not_performance
LUNA-AUDIT-088,66841911,2320,human_candidate,positive_final_human_candidate,797,15,0.01882057716436637,53.13333333333333,perf,02218e9f30d36682cee87a30aa74399dcc8bf8a0d55079bb83326cf012cf28d8,performance
LUNA-AUDIT-057,75750830,4951,human_candidate,negative_human_candidate_refactor,54370,5,9.196247930844215e-05,10874.0,refactor,0001169ce458238dd8da5eefce31e73c20944d706f7ec328440850912f981823,performance
LUNA-AUDIT-018,121814210,6539,agentic,negative_agentic_refactor,3528,5,0.001417233560090703,705.6,refactor,001b55d02bdcbfee9f201fdd673e43b1536153a491ac8594d018caf9c6a6db47,not_performance
LUNA-AUDIT-034,121814210,7411,agentic,positive_final_agentic,851,15,0.01762632197414806,56.73333333333333,perf,0241b1a586db17cadb6ad0a13d933ba9d9e72de63656df058ead49e81135ec42,performance
LUNA-AUDIT-058,128479644,9338,human_candidate,positive_final_human_candidate,797,15,0.01882057716436637,53.13333333333333,perf,0010b90fad156831824152d8d85f7f3db83409a5ddc1037b494611e903626ddd,performance
LUNA-AUDIT-051,128479644,11445,human_candidate,positive_final_human_candidate,797,15,0.01882057716436637,53.13333333333333,perf,01b73466af92039814567ce11c2f4911258e013fe4fd9cb40f9494494a1e5d13,performance
LUNA-AUDIT-078,128479644,14029,human_candidate,positive_final_human_candidate,797,15,0.01882057716436637,53.13333333333333,perf,05f8a62563d347ad5ce01c678d3497a203eee71b33dc376a41f9e5673ab47a1b,performance
LUNA-AUDIT-079,128479644,14598,human_candidate,positive_final_human_candidate,797,15,0.01882057716436637,53.13333333333333,perf,00b72607b596c8b4eb8b22b1ea4de10288773d4ea2ddc72349b1731328c63281,performance
LUNA-AUDIT-072,130879558,21319,human_candidate,negative_human_candidate_fix,172400,5,2.900232018561485e-05,34480.0,fix,0002591181abce228a1ee4aa8e877a2c23856839561aedb017be5dfbd8339ef3,not_performance
LUNA-AUDIT-060,135296009,6732,human_candidate,negative_human_candidate_other,386830,5,1.292557454178838e-05,77366.0,chore,0000312b2d06ccad22ec7a03b05bb4da4ae8c464bf8e84f8218da4d6198c86ed,not_performance
LUNA-AUDIT-040,136202695,18119,agentic,negative_agentic_other,17884,5,0.0002795795124133304,3576.8,ci,001af9d2db22f6cfec1bf5bbea2768371d7764ab6724d72be7051bb44a6160a8,not_performance
LUNA-AUDIT-011,136202695,22686,agentic,positive_outside_agentic,194,15,0.07731958762886598,12.93333333333333,perf,0022ebb5d2968aad705c5334fe9a4c65fd8d0aef0851359d545e8dbd441c5abc,performance
LUNA-AUDIT-067,166226127,1408,agentic,negative_agentic_refactor,3528,5,0.001417233560090703,705.6,refactor,0032c080717621ef1e740969217c1be6ff650a744447473cd0a3ecebfc173b03,not_performance
LUNA-AUDIT-025,166515022,26531,human_candidate,positive_final_human_candidate,797,15,0.01882057716436637,53.13333333333333,perf,0460bd41b00ffb5b39f698b93a74be28bf1a78609c950d8717b479dd295cb4cb,performance
LUNA-AUDIT-082,172370867,5024,human_candidate,negative_human_candidate_feat,216631,5,2.308072251893773e-05,43326.2,feat,00007515caada9ad6bb67aab0ef3dbb93951fe950998d7c76a3e1c5b48fdee22,not_performance
LUNA-AUDIT-086,173170791,3896,agentic,negative_agentic_other,17884,5,0.0002795795124133304,3576.8,docs,000615e381582d92bd4e2628d153033372a6ba923731d95745514d53500857f7,not_performance
LUNA-AUDIT-024,173170791,4157,human_candidate,positive_final_human_candidate,797,15,0.01882057716436637,53.13333333333333,perf,01119ec2e3754a3400bab5cf42dce5c089a0fc9c5f3c0a4c5c67c94fb1535ae4,performance
LUNA-AUDIT-055,188438191,1956,human_candidate,negative_human_candidate_feat,216631,5,2.308072251893773e-05,43326.2,feat,00007b0bb9456e36be43739b55d85b2c84f76d42d8aee9679495279cb40bd543,not_performance
LUNA-AUDIT-022,196414933,39830,human_candidate,negative_human_candidate_refactor,54370,5,9.196247930844215e-05,10874.0,refactor,0001f8af5a9f2c6e84a598e98b36f327a301c4d0872b60871936d60f124fe9e0,not_performance
LUNA-AUDIT-075,197336679,629,agentic,positive_final_agentic,851,15,0.01762632197414806,56.73333333333333,perf,01216e4da059e632737438dee8be3f3c8868d9345643ffb99fb14be281e8c66d,performance
LUNA-AUDIT-054,210716005,118467,agentic,positive_outside_agentic,194,15,0.07731958762886598,12.93333333333333,perf,0a5f90f91c9682bfcc0e82771fb681c6e87f4123aecf4c46a3b64ba2a3c4e877,performance
LUNA-AUDIT-015,210716005,120427,human_candidate,positive_outside_human_candidate,19689,15,0.0007618467164406522,1312.6,perf,001dbdf2c16797e70b934ef808afbc086604ad62df1ae0e3316ed7c0758e4404,performance
LUNA-AUDIT-036,210716005,123041,agentic,positive_final_agentic,851,15,0.01762632197414806,56.73333333333333,perf,0060038d88d4f05a39017df6a0e185d610148a2a82f2ab0def466e9c53fb648f,performance
LUNA-AUDIT-030,210716005,127329,agentic,positive_final_agentic,851,15,0.01762632197414806,56.73333333333333,perf,009c0f64029855343a8c25b90b16a2c8eca531cb41edaba21e1b5ace3f2b3786,performance
LUNA-AUDIT-017,233147271,6927,agentic,negative_agentic_other,17884,5,0.0002795795124133304,3576.8,docs,000dfa165a1f465e0ed3f45d19233d100467d194c6de2e472740f04b183f55f4,not_performance
LUNA-AUDIT-065,237392204,9391,agentic,positive_final_agentic,851,15,0.01762632197414806,56.73333333333333,perf,022d509fa77af1d1b06a5b46261fa71317d2f5966a60ac159f74739fbf04ebb4,performance
LUNA-AUDIT-076,245704608,4556,human_candidate,positive_final_human_candidate,797,15,0.01882057716436637,53.13333333333333,perf,00a4afd8da705c2d588d9ad3480ac4f4e4e5e3425f3e3923dff7478a53edba22,performance
LUNA-AUDIT-061,249615315,3312,agentic,positive_outside_agentic,194,15,0.07731958762886598,12.93333333333333,perf,11e80bb26606ae8816ff53c732061b36b42b1c4b0f155109ae91b53e930df7cf,performance
LUNA-AUDIT-085,257098489,823,agentic,positive_final_agentic,851,15,0.01762632197414806,56.73333333333333,perf,02007e6488ef8c9bfec904a01bdb6ce61c7645f4c28364d63756acad4bad7dae,performance
LUNA-AUDIT-006,274495425,5194,human_candidate,negative_human_candidate_fix,172400,5,2.900232018561485e-05,34480.0,fix,0000b6d2602be5d704c175a798f3fec7d1aefd99898ea9a0b5f024bbd6f7c491,not_performance
LUNA-AUDIT-064,298620687,11344,agentic,positive_final_agentic,851,15,0.01762632197414806,56.73333333333333,perf,0070c7cc04a14c6be618225133e554238a09c77e59342a561e37278e1b0054ab,performance
LUNA-AUDIT-020,305144746,12468,human_candidate,positive_outside_human_candidate,19689,15,0.0007618467164406522,1312.6,perf,0019bf1a7d1a8f11dc3bfde0ce528c35d835a48501221f9eec4e08e501c76155,performance
LUNA-AUDIT-033,305144746,14335,human_candidate,positive_outside_human_candidate,19689,15,0.0007618467164406522,1312.6,perf,001f6802a5eee77c1b6f21321e434619b244a6f206697dff2818d3c5b02b8ee9,performance
LUNA-AUDIT-028,305438235,657,agentic,positive_final_agentic,851,15,0.01762632197414806,56.73333333333333,perf,0307f36c0a0882e74dfd48059e9c378fbcd02438d0efa0d60f90045490f25575,performance
LUNA-AUDIT-069,320393623,587,agentic,negative_agentic_other,17884,5,0.0002795795124133304,3576.8,build,00198a1310c6716d1d609b9bf98d689a377a41727f63db951156f8afecbf7b1f,not_performance
LUNA-AUDIT-035,381857226,9760,human_candidate,positive_final_human_candidate,797,15,0.01882057716436637,53.13333333333333,perf,00aee2d19b369d90e2db8a40cbd805f1e10e0eaba32a4bd0d12e7ff130b9758d,performance
LUNA-AUDIT-023,395140743,9320,human_candidate,positive_final_human_candidate,797,15,0.01882057716436637,53.13333333333333,perf,024d0ee234eb694f912b06794cb879a9257869d05b25c81a3673f84f345e3528,not_performance
LUNA-AUDIT-012,408858330,27117,human_candidate,negative_human_candidate_feat,216631,5,2.308072251893773e-05,43326.2,feat,00001ea6597501bda680a2b668ec645f90b42b72c1f08ebb4ce8d150a2ca8dc2,performance
LUNA-AUDIT-009,422711680,2146,agentic,positive_final_agentic,851,15,0.01762632197414806,56.73333333333333,perf,0107af85cd99e8036d179e5d538e45ab6f3bb0807fdcff1531f993ed11242182,performance
LUNA-AUDIT-005,509566212,2658,agentic,negative_agentic_feat,18304,5,0.0002731643356643357,3660.8,feat,000bd286e593b6bc2f33c2a95b607ae9d0f338148d142fa405043580e84bff03,not_performance
LUNA-AUDIT-097,528799794,9092,human_candidate,positive_outside_human_candidate,19689,15,0.0007618467164406522,1312.6,perf,000adef540a330cf3fd31782e37905633ad898b1bc387f039bda91f7133efa02,performance
LUNA-AUDIT-094,529729250,6644,human_candidate,negative_human_candidate_other,386830,5,1.292557454178838e-05,77366.0,chore,000024b7f5b1ab215375e7f11d8ba7b84413507a09203bffedd6c3836137b0db,not_performance
LUNA-AUDIT-081,572984571,15467,human_candidate,positive_outside_human_candidate,19689,15,0.0007618467164406522,1312.6,perf,000db0a02acc302eab289dd120ca378e79352ed388e2d9db735bc3326363417b,performance
LUNA-AUDIT-084,577975610,1323,agentic,positive_final_agentic,851,15,0.01762632197414806,56.73333333333333,perf,0058d8ce58c1627603fc2c75be0a9c3b37d35fac81e4b98c91efd5518e799bc4,performance
LUNA-AUDIT-010,595221457,843,agentic,negative_agentic_fix,8453,5,0.0005915059742103396,1690.6,fix,000efa1f5accfd9b330593a784a745adb397d31d0713526261acb96ac7fd0630,not_performance
LUNA-AUDIT-004,601303277,1749,agentic,positive_final_agentic,851,15,0.01762632197414806,56.73333333333333,perf,00fb764b7631c8ce186c47d0b04dfc78ad30ab9ea6f45696dabdee1f6d352fa2,performance
LUNA-AUDIT-026,631466180,250,agentic,negative_agentic_feat,18304,5,0.0002731643356643357,3660.8,feat,0007c9cd68fdc177795847d5d42e6a482a4d72a1ba06f78f90aeeaee379b1386,not_performance
LUNA-AUDIT-093,634043200,5977,human_candidate,positive_outside_human_candidate,19689,15,0.0007618467164406522,1312.6,perf,0033c8ffa6bd6d61d3995a0ca5b526c3c15ae2b0c389e6124de7179cc9e303df,performance
LUNA-AUDIT-063,638951438,5738,human_candidate,positive_outside_human_candidate,19689,15,0.0007618467164406522,1312.6,perf,0013481f22d5aef8c8fc120aa44640ff4a0969b53dcfa4147c349ed4ff0c2d8c,performance
LUNA-AUDIT-071,639472514,7135,agentic,negative_agentic_fix,8453,5,0.0005915059742103396,1690.6,fix,000c32118c1ec803d56e4be458c9f12dd6d1f9a530df1036f74053db4b4b8575,not_performance
LUNA-AUDIT-001,655181249,1415,human_candidate,negative_human_candidate_refactor,54370,5,9.196247930844215e-05,10874.0,refactor,000148742a4e69d636c95963e154f66ab0374a4e8b20c62c775d749c5b3db6af,not_performance
LUNA-AUDIT-098,707441527,2031,human_candidate,negative_human_candidate_feat,216631,5,2.308072251893773e-05,43326.2,feat,000031194188656f849143b27f58059cc21bb7d40af0a2dba2d119c40319b1e4,not_performance
LUNA-AUDIT-066,720209383,1601,agentic,positive_final_agentic,851,15,0.01762632197414806,56.73333333333333,perf,016ce08be0d9d0bca9b301f15951991371f2d8f4b3fe72c2d90e90d9f5bf20ad,performance
LUNA-AUDIT-096,765938063,736,human_candidate,negative_human_candidate_refactor,54370,5,9.196247930844215e-05,10874.0,refactor,00024f711a4935dc1b373e98d87dc065a763c125bed73f1f664e1871b9b8f90a,performance
LUNA-AUDIT-027,765938063,1740,human_candidate,negative_human_candidate_fix,172400,5,2.900232018561485e-05,34480.0,fix,0001d59960218914193b4f364acf0f2ff4ee850bb36f7291dd14a3ffab0e4582,not_performance
LUNA-AUDIT-095,775839592,4532,human_candidate,positive_final_human_candidate,797,15,0.01882057716436637,53.13333333333333,perf,05039928be136396f18355630136a1dda4d0d40780f3a3c5c6b15e5ba5b0c684,performance
LUNA-AUDIT-049,775839592,4896,human_candidate,negative_human_candidate_fix,172400,5,2.900232018561485e-05,34480.0,fix,00002dab58d23806e573dfc6d2d7a5d589dccd81e51da57bc16d4e9d5200d12b,performance
LUNA-AUDIT-074,775839592,5049,human_candidate,positive_outside_human_candidate,19689,15,0.0007618467164406522,1312.6,perf,002022b1a72ee0e1d780c2ee934574766dad643fd8254943ba68a9df08aa4ef0,not_performance
LUNA-AUDIT-029,776121034,7547,human_candidate,positive_outside_human_candidate,19689,15,0.0007618467164406522,1312.6,perf,002de1e61c6201f0ec293d3de81a8cfa5414b60bd4ee658c6c19fd278f58ba51,performance
LUNA-AUDIT-062,820192032,1580,human_candidate,positive_outside_human_candidate,19689,15,0.0007618467164406522,1312.6,perf,002b10963417654b5e2b166532a76e1e4a138cb0bcf93569969c1d16ea160db5,not_performance
LUNA-AUDIT-016,828285248,2759,human_candidate,positive_outside_human_candidate,19689,15,0.0007618467164406522,1312.6,perf,000b306a5c918178c5c11b3522071e29283341affe52b2160ec0666be7db9ac3,performance
LUNA-AUDIT-092,839216423,887,agentic,negative_agentic_fix,8453,5,0.0005915059742103396,1690.6,fix,000b4632ff1b52826ee04f8bb1a3ef99d41a3c926ddfe9bea5d90ff9427b0712,not_performance
LUNA-AUDIT-052,841742628,603,human_candidate,negative_human_candidate_refactor,54370,5,9.196247930844215e-05,10874.0,refactor,000010dbfc4ccbe4e02f3520e232ae9f69404ef14e726bc68726141b71307cf6,performance
LUNA-AUDIT-031,844738531,2594,human_candidate,negative_human_candidate_other,386830,5,1.292557454178838e-05,77366.0,build,00005b5296ed781e75011b2f8eb8e3055c0e1d3772fffd44b71deefaf82f550d,not_performance
LUNA-AUDIT-042,901089955,58,human_candidate,positive_outside_human_candidate,19689,15,0.0007618467164406522,1312.6,perf,002041544c53abb95f683098b8f6d8a89a0c5dddabd56f82de6f2f5417809e5f,performance
LUNA-AUDIT-048,922805069,3666,agentic,negative_agentic_fix,8453,5,0.0005915059742103396,1690.6,fix,000d87ef39ef1ab7053c13261098ee664a89399ce92beaf245b0fb629dab644d,performance
LUNA-AUDIT-037,923332984,1033,agentic,positive_final_agentic,851,15,0.01762632197414806,56.73333333333333,perf,00b7afcda66ed356cadb15bc84d85e2248f7ea54def3c85434f4dc8d91de0c78,performance
LUNA-AUDIT-007,949348116,134,human_candidate,negative_human_candidate_fix,172400,5,2.900232018561485e-05,34480.0,fix,0000388faa505b58e524678654527207fc193551252be0fce5f0625b5f0fc969,not_performance
LUNA-AUDIT-099,965415649,1599,agentic,positive_outside_agentic,194,15,0.07731958762886598,12.93333333333333,perf,1123674608f10bdbd3a7be77d3dc27433bde52cc1e9ba9d04700ba8b932d115d,not_performance
LUNA-AUDIT-056,985853139,2721,agentic,positive_outside_agentic,194,15,0.07731958762886598,12.93333333333333,perf,0900852eb3175f018ab1519a9942999fc3ab6681104f25ce1600a36df2c0aa09,performance
LUNA-AUDIT-043,985853139,2823,agentic,negative_agentic_feat,18304,5,0.0002731643356643357,3660.8,feat,000a15621142a818889920920e90631d910158c54eb815c1732b28fb381fc38f,not_performance
LUNA-AUDIT-002,985853139,3584,agentic,positive_outside_agentic,194,15,0.07731958762886598,12.93333333333333,perf,1296b1db69ab296f57616537dcd54209ec5875a1ac929057382abba92510c5d6,performance
LUNA-AUDIT-041,985853139,3969,agentic,positive_outside_agentic,194,15,0.07731958762886598,12.93333333333333,perf,0880b7731169ed910bdaed182851737dcd5717276a3de9b823c2e7d9b06dd44c,performance
LUNA-AUDIT-083,985853139,4011,agentic,positive_outside_agentic,194,15,0.07731958762886598,12.93333333333333,perf,12431513fb95d846b962a9d77aacf2b7d4be82b70588fae61d081fd61c08e9bf,performance
LUNA-AUDIT-077,985853139,4016,agentic,positive_outside_agentic,194,15,0.07731958762886598,12.93333333333333,perf,0c59edc0fe3d13ed44dc0459766dc13c6e84ead3b4bb87765deb47263c2b2250,performance
LUNA-AUDIT-039,985853139,5040,agentic,positive_outside_agentic,194,15,0.07731958762886598,12.93333333333333,perf,0596e29cffca1086fa0fd897291b03c979d05ec6b2d49092e00199323ccb58c0,not_performance
LUNA-AUDIT-087,985853139,6900,agentic,positive_outside_agentic,194,15,0.07731958762886598,12.93333333333333,perf,09d98903554093be097bc8ffabc27d90d263af71de2011e6d76b85f2efc594a2,not_performance
LUNA-AUDIT-091,985853139,6920,agentic,positive_outside_agentic,194,15,0.07731958762886598,12.93333333333333,perf,0704e6de463da48acc67c09ddf49dfbc18fc9d248baf3023022594a6dbc5d923,not_performance
LUNA-AUDIT-021,985853139,7003,agentic,positive_outside_agentic,194,15,0.07731958762886598,12.93333333333333,perf,0338e94454db48f0a4609f6558a718987a259bc89df305e8b1805736e39ef15f,performance
LUNA-AUDIT-013,985853139,8145,agentic,negative_agentic_feat,18304,5,0.0002731643356643357,3660.8,feat,0008a05fd51220ec8bfa61e29a47ab54b119850e5022ad28a71c67ebd6d16087,not_performance
LUNA-AUDIT-070,985853139,9246,agentic,negative_agentic_refactor,3528,5,0.001417233560090703,705.6,refactor,006d41ae02dc951dd2340b77e443891398a670e3d77db311b17792fcb67babe1,not_performance
LUNA-AUDIT-038,985853139,9449,agentic,negative_agentic_fix,8453,5,0.0005915059742103396,1690.6,fix,00087f234154980c37d5cc1345f19a743c1730975b653ca9328af17eb4aee819,performance
LUNA-AUDIT-050,985853139,9484,agentic,positive_outside_agentic,194,15,0.07731958762886598,12.93333333333333,perf,0eafbd366dba4ddb0e5f9f874a2ca08b15d8c57c092f6f18ee45ce826562d5d1,performance
LUNA-AUDIT-053,985853139,10232,agentic,negative_agentic_feat,18304,5,0.0002731643356643357,3660.8,feat,000267e2bf4bb75256c77894e0df57ef618ed0c142e1c1223c942c95f4a4ad2a,not_performance
LUNA-AUDIT-068,985853139,10435,agentic,positive_outside_agentic,194,15,0.07731958762886598,12.93333333333333,perf,1457b0c1efa337ad0a84e71900e93aa349359051fcd0c70bae342f9c48df0e55,performance
LUNA-AUDIT-089,1000362065,1075,agentic,negative_agentic_refactor,3528,5,0.001417233560090703,705.6,refactor,00485d8de6110a01b162a7ffdd005570f5f608fee9f0d754e6e9482f527d1d7a,not_performance
LUNA-AUDIT-080,1010618519,371,human_candidate,negative_human_candidate_other,386830,5,1.292557454178838e-05,77366.0,build,00003c928079e2793e4842fb99456ad227cb552030e439d40ca871d142e88baa,not_performance
